Serviço;Quantidade;Porcentagem
Tapa-buraco;54805;7.192106202494436
Cartão de estacionamento idoso;50860;6.674400537521522
Entulho e grandes objetos em via pública - solicitar remoção;47482;6.231102758997186
Foco de dengue - Solicitar vistoria de local com água parada;46140;6.054990971318188
Altas Temperaturas - Solicitar abordagem social a pessoa em situação de rua;40842;5.359729979423005
Árvore ? Solicitar avaliação em calçadas e praças para fins de poda ou remoção;32112;4.2140847436274305
Centros esportivos ? Solicitar carteirinha;27279;3.579846092470499
Altas Temperaturas - Solicitar Atendimento Social;21677;2.8446909251249317
Castrar cães e gatos gratuitamente;17797;2.3355152647713435
Rodízio de veículos - Isenção para pessoa com deficiência (PCD);17575;2.306382018225339
Reclamação;16000;2.0996934447570657
Senha Web - Solicitar desbloqueio para Pessoa Física, MEI e Empresário Individual;14149;1.8567851593667324
Guias e sarjetas - Solicitar capinação;13421;1.761249107630286
Guias, sarjetas e sarjetões - solicitar manutenção;13130;1.7230609331037667
Praça e canteiro central - solicitar roçada;12409;1.6284434972494015
Programa Bolsa Família - Consultar situação do benefício;11996;1.5742451602066099
Baixas temperaturas ? Solicitar atendimento social;11486;1.5073174316549784
Farmácias de manipulação e drogarias - Entregar Balanços e Relações Mensais de Notificação de Receitas da Portaria 344/98;10983;1.441308318985428
Solicitar limpeza de bueiros, boca de lobo e poços de visita;10711;1.405613530424558
Farmácias de manipulação e drogarias - Entregar Receitas de Medicamentos de Controle Especial Emergenciais ou que sejam de outros estados;10400;1.3648007390920927
Cartão de estacionamento DeFis (pessoa com deficiência);9886;1.297348087179272
Ônibus - Reclamar de intervalo excessivo da linha;8495;1.1148059883257044
Reclamação de poluição sonora - PSIU;7191;0.9436809725780035
Fazer reclamação de falta de varrição;6793;0.8914510981396716
Solicitar remoção de veículo/carcaça abandonado na via pública;6518;0.8553626170579096
CCM - Inscrever pessoa física ou jurídica (casos que não estão no VRE);6161;0.8085132070717674
Táxi - Solicitar renovação do Condutax;5580;0.7322680888590265
Reclamação Anônima (Uso exclusivo da Ouvidoria);5298;0.6952609918951833
Reformar galerias de águas de chuvas (pluviais);5199;0.682269138705749
Abelhas e Vespas - Solicitar vistoria em ninhos;4905;0.643687271658338
FRETAMENTO ? CADASTRAR OU RENOVAR CERTIFICADO DE VINCULO AO SERVIÇO (CVS);4690;0.6154726409944148
Leve Leite - Reclamação de não entrega do leite;4647;0.6098297148616303
CCM ? Fale com a Fazenda;4448;0.5837147776424642
Apoio a agente público;4257;0.5586496871456768
Bilhete Único Estudante - Solicitar liberação de cadastro após bloqueio por Sistema de Informação Geográfica (GIS);4225;0.5544503002561626
Ônibus - Denunciar motorista por não atender ao sinal de embarque e desembarque;4008;0.5259732079116449
Ônibus ? Denunciar motorista, cobrador ou fiscal por atitude inadequada;3966;0.5204615126191576
Registro Geral do Animal (RGA) - Solicitar identidade do animal;3933;0.5161308948893462
CCM - Alterar cadastro de pessoa física ou jurídica (casos que não estão no VRE);3867;0.5074696594297233
Ratos - Solicitar vistoria em local infestado;3601;0.472562255910637
Denunciar condições inadequadas de criação;3394;0.4453974719690925
Queda de árvore;3262;0.42807500104984675
Notificação de receita de controle especial - Solicitar retirada de talonário ou de numeração;2992;0.3926426741695712
Pernilongo/Mosquito - Solicitar vistoria em local infestado;2821;0.3702022004787301
Denunciar falta de limpeza de terrenos e imóveis particulares;2748;0.360622349137026
Risco iminente de queda de árvore;2688;0.352748498719187
IPTU - Fale com a Fazenda;2684;0.35222357535799775
Solicitar devolução de quota-parte do IPVA de carro híbrido, hidrogênio e elétrico;2664;0.3495989585520514
Lixeiras públicas - solicitar instalação, manutenção ou limpeza;2573;0.3376569520849956
Bilhete Único Estudante ou Professor - Solicitar inclusão de cotas para quem estuda ou trabalha em duas escolas;2537;0.3329326418342922
Certidão negativa referente a denúncias ambientais;2331;0.30589908873304494
Queda de galho;2232;0.29290723554361064
Ônibus - Reclamar de descumprimento de partida no ponto inicial/final;2207;0.2896264645361777
Reclamar sobre coleta de lixo domiciliar;2187;0.28700184773023135
Calçada pública - solicitar manutenção;2121;0.27834061227060847
Intensificar fiscalização de veículos estacionados/parados irregularmente;2116;0.2776844580691219
Bilhete Único Estudante - Falha na liberação de gratuidade mensal;2100;0.2755847646243649
Denunciar descarte irregular de entulho e outros resíduos em área pública;2010;0.26377398899760635
Táxi - Solicitar certidão para isenção de ICMS (Imposto sobre Circulação de Mercadorias e Prestação de Serviços);2004;0.26298660395582246
Rodízio de veículos - Substituir veículo de isenção PCD;1977;0.2594433712677949
Circulação e acesso de veículos e pessoas - Solicitar avaliação;1975;0.25918090958720025
CadÚnico - Consultar número NIS;1927;0.25288182925292907
Solicitar fiscalização de obra e reforma em imóvel particular;1911;0.250782135808172
Solicitar remoção de animal morto em via pública;1889;0.24789505732163106
Solicitar Certidão de Desapropriação;1867;0.24500797883509007
Bilhete Único Estudante - Apresentar justificativa após bloqueio por reconhecimento facial;1774;0.23280351068743965
Vista de Processos: solicitar acesso a processo administrativo em andamento ou encerrado;1693;0.222173812623357
Ocorrências com animais silvestres;1691;0.22191135094276238
Táxi - Fazer cadastro de Condutax;1688;0.22151765842187038
Instalação e remoção de lixeira;1670;0.2191555032965187
Drenagem de água da chuva - Bueiros e bocas de lobo;1634;0.21443119304581532
SPTrans - Suporte para instituição de ensino;1605;0.21062549867719313
Nota do Milhão - Fale com a Fazenda;1583;0.20773842019065217
Notificação de receita de controle especial ? Cadastrar ou atualizar dados de prescritor e de instituição de saúde;1558;0.20445764918321924
Dívida Ativa - Contestar ou solicitar baixa de débito;1529;0.20065195481459708
CIPTEA - Solicitar Carteira de Identificação da Pessoa com Transtorno do Espectro do Autismo (TEA);1516;0.19894595389073197
Solicitar fiscalização de ambulantes;1454;0.19080964179229834
Sinalização horizontal apagada (pintura de solo) ? Solicitar repintura;1449;0.19015348759081174
Árvore em área interna ? Solicitar autorização para remoção de árvore com apresentação de laudo;1423;0.18674148574308153
Bilhete Único - Relatar falha na recarga;1358;0.17821148112375593
ISS - Fale com a Fazenda;1356;0.1779490194431613
Descomplica SP - Corrigir cadastro para agendamento;1290;0.1692877839835384
Cata Bagulho - Fazer reclamação de não retirada de material;1266;0.16613824381640283
Córrego - solicitar limpeza;1255;0.16469470457313232
Bilhete Único Estudante ou Professor - Solicitar inclusão de mais um tipo de modalidade (ônibus ou metrô/CPTM) na cota mensal;1153;0.15130915886280605
Ônibus - Denunciar motorista por direção perigosa;1133;0.1486845420568597
Ônibus - Manutenção do veículo em geral;1097;0.1439602318061563
Risco de desabamento;1071;0.14054822995842606
Regimes Especiais - Fale com a Fazenda;1067;0.1400233065972368
Dívida Ativa - Tirar dúvidas sobre serviços;1064;0.13962961407634486
Registro Geral do Animal (RGA) - Atualizar dados;1059;0.13897345987485826
Dívida Ativa - Solicitar triagem de agendamento;1058;0.13884222903456095
Ônibus - Reclamar de veículo com superlotação;1056;0.13857976735396632
Comunicar leilão de imóvel;1048;0.1375299206315878
Vielas e escadarias - solicitar manutenção;1008;0.13228068701969514
Solicitar Certidão de Melhoramento Viário e/ou cópia digital da Planta de Melhoramento Viário;962;0.12624406836601856
Vale Transporte - Solicitar extrato do cartão;944;0.12388191324066687
Praças - sugerir reforma e revitalização;940;0.12335698987947759
Árvore em área interna - Comunicar poda à Prefeitura;935;0.12270083567799102
Manutenção de placas de trânsito;929;0.12191345063620712
Tapa-buraco em faixa exclusiva ou corredor de ônibus;872;0.11443329273926008
Avaliação de animal em sofrimento sem proprietário para eutanásia (morte sem dor);866;0.11364590769747616
Comércio, serviço e indústria - solicitar fiscalização de funcionamento;850;0.1115462142527191
Táxi - Solicitar transferência de alvará de estacionamento (T. Nome);830;0.10892159744677278
Emissão de Certidões - Fale com a Fazenda;816;0.10708436568261034
SPTrans - Sugerir melhorias para o sistema de transporte público por ônibus;812;0.10655944232142106
Solicitar lavagem de calçadões e locais públicos;796;0.104459748876664
Solicitar limpeza da via pública após enchentes ou eventos;796;0.104459748876664
Calçada particular - denunciar calçada danificada ou inexistente;775;0.10170390123042036
Solicitação;772;0.1013102087095284
Corrigir cadastro no Portal SP156;750;0.09842313022298745
Semáforo de veículos e pedestres - Sugerir ajuste de tempo;741;0.09724205266031159
Ônibus - Reclamar de motorista por atraso na partida;734;0.09632343677823037
Escorpião - Solicitar vistoria de local com escorpiões;714;0.09369881997228405
Licença especial de transporte de produtos perigosos - Renovar licença anual;708;0.09291143493050015
Taxas Mobiliárias ? Fale com a Fazenda;682;0.08949943308276992
Morcegos - Reclamar sobre local com morcegos;674;0.08844958636039138
Acessibilidade - solicitar avaliação de obstáculo na calçada;666;0.08739973963801285
Solicitar certidão de auto de multa de imóvel;659;0.08648112375593163
Recolocação e ajuste de paralelepípedo;649;0.08516881535295846
Certificado de Reservista - 2ª via;646;0.08477512283206652
Avisar sobre animal agressor em vias públicas;629;0.08254419854701214
Rachadura de Edificação;627;0.0822817368664175
Ponto de ônibus ? Solicitar manutenção, conserto e/ou limpeza de equipamento existente;611;0.08018204342166044
Dívida Ativa ? Quitar minha parte da dívida antiga de IPTU sobre terreno total (Fração Ideal);609;0.07991958174106581
Travessia de pedestres - Solicitar avaliação;601;0.07886973501868727
Devoluções e Restituições ? Fale com a Fazenda;596;0.07821358081720069
Guias e Postes - Solicitar pintura;572;0.07506404065006508
Central SP156 - Fazer reclamação;571;0.07493280980976777
ITBI - Fale com a Fazenda;569;0.07467034812917314
Intensificar fiscalização de veículos em movimento;565;0.07414542476798387
Precatórios ? Solicitar cessão;551;0.07230819300382144
DUC - Fale com a Fazenda;545;0.07152080796203754
Erosão;543;0.07125834628144291
CADIN - Fale com a Fazenda;541;0.07099588460084828
Distribuidoras e Indústrias - Entregar Balanços e Relações Mensais de Vendas da Portaria 344/98;539;0.07073342292025364
Instalação de contêiner para coleta de lixo domiciliar;536;0.0703397303993617
IPTU - Solicitar pesquisa de SQL (número do IPTU);524;0.0687649603157939
Bilhete Único - Relatar erro de cobrança em integração (ônibus e metrô/trem);518;0.06797757527401
Táxi - Solicitar certidão para isenção de IPI (Imposto sobre Produtos Industrializados);509;0.06679649771133414
Denunciar reserva irregular de vaga;508;0.06666526687103683
Licença especial de transporte de produtos perigosos - Alterar licença;507;0.06653403603073951
Lixo domiciliar ? Denunciar colocação de lixo fora do horário de coleta;502;0.06587788182925293
Pagamentos - Problemas com pagamento de impostos, taxas e parcelamentos;487;0.06390941922479318
Pombos - Solicitar vistoria em local infestado;465;0.06102234073825222
Procedimento Judicial - Protocolar decisão judicial;452;0.0593163398143871
Ônibus ? Solicitar implantação de ponto ou abrigo;447;0.05866018561290052
CCM ? Alterar ou excluir o código de TRSS;444;0.05826649309200857
Senha Web - Fale com a Fazenda;443;0.058135262251711256
Denunciar conduta inadequada de Agente Público;439;0.05761033889052199
Praças - Solicitar manutenção de equipamentos (mesas, bancos, brinquedos e equipamentos de ginástica);437;0.05734787720992735
Ônibus - Elogiar o(a) motorista, cobrador(a) ou fiscal;436;0.05721664636963004
Senha Web - Solicitar desbloqueio online para Pessoa Jurídica;432;0.05669172300844077
Programa Jovem Monitor Cultural - Fazer inscrição;432;0.05669172300844077
Denúncia de despejo irregular de esgoto ou outros poluentes de águas dentro dos limites do município;415;0.05446079872338639
CPOM ? Inscrever, Alterar ou Cancelar Cadastro de Prestadores de Outros Municípios;414;0.05432956788308906
Outras ocorrências em escolas;409;0.053673413681602486
IPTU - Solicitar declaração de existência/inexistência de lançamento fiscal;401;0.052623566959223954
DAMSP ? Corrigir dados de pagamento (TFE, TFA, TRSS, ISS e ISS/SUP);391;0.051311258556250794
Crimes contra o meio ambiente;384;0.05039264267416957
Solicitar Certidão de Diretrizes Hidráulicas e Faixas Não Edificáveis;378;0.049605257632385664
[Solicitado pela Defesa Civil ? uso interno]  Vistoria em área de risco;374;0.0490803342711964
Solicitar vistoria e reparo de pontes e viadutos;367;0.048161718389115184
Parcelamento de Tributos - Fale com a Fazenda;362;0.04750556418762861
Bilhete Único Comum - Solicitar extrato de recarga;354;0.046455717465250075
Árvore - denunciar poda ou remoção não autorizada;353;0.04632448662495276
CCM - Solicitar correção de cadastro;351;0.046062024944358126
Sacos de varrição - Fazer reclamação de falta de remoção;334;0.04383110065930374
Elogio;321;0.042125099735438626
Bilhete Único Comum - Solicitar extrato de utilização;316;0.04146894553395204
Ônibus - Denunciar alteração de itinerário ou ponto inicial/final;301;0.03950048292949229
Reclamações sobre coleta seletiva;288;0.03779448200562718
Ônibus - Solicitar estudo para alteração de itinerário ou ponto inicial/final;284;0.03726955864443791
Desabamento;284;0.03726955864443791
Denunciar invasão de áreas municipais;279;0.03661340444295133
Zona Azul Digital - Solicitar suporte para o aplicativo;279;0.03661340444295133
Denunciar violação de direitos humanos da população em situação de rua;278;0.03648217360265401
Ocorrências com Drogas;277;0.036350942762356696
Parques ? Reclamar sobre manutenção e limpeza;272;0.03569478856087011
Solicitar certidão de numeração e denominação de imóveis;271;0.0355635577205728
SAV ? Solicitar ajuda para utilizar o SAV (Sistema de Atendimento Virtual);270;0.035432326880275485
FRETAMENTO ? DAR BAIXA DE CERTIFICADO DE VINCULO AO SERVIÇO (CVS);269;0.035301096039978164
Material escolar - Avisar sobre problemas na compra do material;265;0.034776172678788894
Alistamento no Serviço Militar - Fora do Prazo;262;0.03438248015789695
Bilhete Único Estudante e Professor - Solicitar extrato de utilização;262;0.03438248015789695
Animal de grande porte solto - Solicitar remoção;256;0.03359509511611305
Ônibus ? Solicitar criação ou reativação de linha;254;0.03333263343551841
Bilhete Único Estudante ou Professor ? Solicitar cancelamento de revalidação indevida;252;0.033070171754923786
Ônibus - Solicitar reparo de problemas mecânicos;252;0.033070171754923786
Solicitar fiscalização de estabelecimento com venda de bebida alcoólica entre 1h e 5h da manhã;252;0.033070171754923786
Solicitar registro ou renovação no Conselho Municipal dos Direitos da Criança e do Adolescente (CMDCA);250;0.03280771007432915
Ônibus ? Solicitar mudança de ponto ou abrigo;249;0.03267647923403183
Sugerir instalação de mobiliário (mesas, bancos, brinquedos, equipamentos de ginástica) em áreas públicas e praças;247;0.032414017553437195
Sugestão;247;0.032414017553437195
Castrar cães e gatos de protetores independentes;243;0.03188909419224793
Manutenção de placa com nome de rua;241;0.0316266325116533
Sugerir construção de calçadas em áreas públicas e praças;240;0.031495401671355984
Inundação;239;0.03136417083105866
Atitude Suspeita;237;0.031101709150464032
Reparação de danos - Solicitar indenização por danos materiais;237;0.031101709150464032
Denunciar ilegalidade na gestão pública municipal;237;0.031101709150464032
Sugerir criação e ampliação de estacionamento de veículos em vias públicas;232;0.030445554948977452
Invasão;230;0.030183093268382817
Remoção de contêiner para coleta de lixo domiciliar;230;0.030183093268382817
IPTU - Solicitar Imunidades e Isenções;228;0.029920631587788186
CCM - Reativar;228;0.029920631587788186
Reclamações sobre coleta de resíduos de serviços de saúde;225;0.02952693906689623
Comércio irregular;224;0.029395708226598916
Guias para travessia de pedestres - Solicitar rebaixamento;223;0.0292644773863016
Perturbação do sossego;221;0.029002015705706964
Dívida Ativa ? Pedir vista ou cópia de processo administrativo;220;0.02887078486540965
Vale Transporte - Solicitar liberação de crédito adquirido e não disponibilizado;219;0.028739554025112333
Programa Bolsa Família - Reclamar de problemas com o benefício;214;0.028083399823625753
Propaganda irregular - solicitar remoção;214;0.028083399823625753
Denunciar irregularidade da contratação e/ou gestão de serviço público;214;0.028083399823625753
Licença especial de transporte de produtos perigosos - 1ª Licença;212;0.027820938143031118
FRETAMENTO ? CADASTRAR OU RENOVAR TERMO DE AUTORIZAÇÃO (TA);210;0.027558476462436483
Ponto de ônibus ? Solicitar manutenção, conserto ou limpeza de equipamento existente;208;0.027296014781841852
Circulação de caminhões - Solicitar avaliação;199;0.026114937219166
Solicitar instalação de contêiner para coleta seletiva;193;0.0253275521773821
Autos de Infração - Fale com a Fazenda;192;0.025196321337084784
ITBI - Solicitar a retificação de guia de recolhimento (pagamento) do imposto;189;0.024802628816192832
Táxi - Solicitar restituição de outorgas de táxi preto;187;0.0245401671355982
Alagamento;186;0.024408936295300887
Denúncia de edificação não adaptada às normas de segurança;185;0.02427770545500357
Deslizamento;174;0.022834166211733085
Solicitação de policiamento;174;0.022834166211733085
IPTU - Solicitar isenção para imóvel se a notificação indicar que já possui outro imóvel beneficiado (código 888 no campo CIII);173;0.02270293537143577
Uniforme escolar - Avisar sobre problemas na compra dos uniformes;172;0.022571704531138454
Certidão de imagem ? Solicitar vídeos de câmeras de monitoramento de trânsito;172;0.022571704531138454
Taxi / Aplicativos - Denúncia de conduta ou postura do condutor;172;0.022571704531138454
Denúncia de má conduta dos funcionários (motoristas /coletores);171;0.022440473690841137
Programa Cidade Solidária - Regularizar situação;171;0.022440473690841137
Instalação de placa com nome de rua;168;0.022046781169949188
FRETAMENTO ? CADASTRAR OU RENOVAR TERMO DE AUTORIZAÇÃO SIMPLIFICADO (TAS);163;0.021390626968462605
Programa Renda Mínima - Consultar situação do benefício;161;0.02112816528786797
Certificado de Dispensa de Incorporação (CDI) - 2ª via;160;0.020996934447570652
Certificado de Dispensa de Incorporação (CDI) - 1ª via;154;0.020209549405786755
Ônibus - Solicitar limpeza e higienização;154;0.020209549405786755
Programa Operação Trabalho - Fazer Cadastro;152;0.01994708772519212
Restituição através de Processo Administrativo;151;0.019815856884894803
Maria da Penha;149;0.01955339520430017
Risco de deslizamento;149;0.01955339520430017
Poluição do ar - Denunciar fumaça, fuligem, poeira e outras partículas;146;0.01915970268340822
Vaga de estacionamento na via - solicitar análise de proibição;146;0.01915970268340822
Análise de Plano de Atendimento a Emergência no Transporte de Produtos Perigosos;144;0.01889724100281359
Sugerir obras de drenagem em córregos;142;0.018634779322218954
Solicitar fiscalização de feira livre;141;0.01850354848192164
Transporte Escolar Gratuito - Denúncia de irregularidade no transporte escolar;140;0.018372317641624322
Denunciar cheiro forte causando incômodo;137;0.01797862512073237
Bilhete Único Estudante - Alteração da Cota Trilho para estudante que tenha a gratuidade no benefício e utiliza o Vale Transporte no mesmo Bilhete Único;136;0.017847394280435056
Trabalho Infantil - Solicitar atendimento social para criança ou adolescente;135;0.017716163440137742
Feira Livre - Fazer reclamação sobre falta de limpeza da rua;133;0.017453701759543108
Selo de identificação de estabelecimento gerador de resíduos de saúde ? 1ª e 2ª via;133;0.017453701759543108
ISS (Construção Civil) - Fale com a Fazenda;132;0.01732247091924579
Biblioteca Mário de Andrade - Consultar Acervo Presencialmente;131;0.017191240078948476
Solicitação de Callback durante atendimento receptivo;129;0.01692877839835384
CPOM - Fale com a Fazenda;128;0.016797547558056524
Multas de trânsito - Desvincular multas de trânsito nos casos de perdimento de bens e/ou leilão judicial;124;0.016272624196867258
Solicitar limpeza e manutenção de monumentos públicos;122;0.016010162516272627
ATENDE+ - Reclamar sobre descumprimento de horários;122;0.016010162516272627
Parcelamento de Tributos - Operações com parcelamentos (como apropriação de parcela paga e solicitação de rompimento);120;0.015747700835677992
Motofrete - Renovar licença (Pessoa Física);120;0.015747700835677992
Denunciar assédio moral;119;0.015616469995380675
Ciclovias, ciclofaixas e ciclorrotas - solicitar manutenção da sinalização e pintura;118;0.015485239155083359
Denunciar caçamba irregular de entulho de construção;117;0.015354008314786042
Descarte de entulho em flagrante;117;0.015354008314786042
Programa Bolsa Família ? Denunciar cadastramento/recebimento de benefício indevido;115;0.015091546634191409
Cães e gatos invasores de instituições públicas - Solicitar avaliação;113;0.014829084953596776
Análise de pedidos de manejo arbóreo para construção de edificação nova ou reforma (Termo de Compensação Ambiental);113;0.014829084953596776
ITBI - Solicitar Imunidades e não incidência;112;0.014697854113299458
Vale Transporte - Alteração/Correção de cadastro;110;0.014435392432704825
Denúncia de grande gerador de resíduos colocando lixo na coleta normal;110;0.014435392432704825
Motofrete - Dar baixa no veículo;109;0.01430416159240751
Ônibus - Reclamar de falta de comunicado sobre alterações na linha;108;0.014172930752110192
Vaga de estacionamento na via - solicitar desativação ou modificação;108;0.014172930752110192
Bilhete Único - Reclamar sobre atendimento em postos de recarga;108;0.014172930752110192
Denunciar violência contra mulher;106;0.013910469071515559
Ônibus  ? Solicitar reinstalação de ponto ou abrigo;105;0.013779238231218242
Implantação de coleta porta-porta;104;0.013648007390920926
Bilhete Único Estudante ou Professor ? Alteração de tipo de crédito adquirido;104;0.013648007390920926
Avisar  sobre animal encontrado com Registro Geral do Animal (RGA);102;0.013385545710326293
Descomplica SP Ipiranga - Elogio;100;0.01312308402973166
Reclamar sobre eventos na via;100;0.01312308402973166
Denúncia de má conduta dos funcionários de limpeza;95;0.012466929828245077
Denunciar fechamento de ruas e vilas;94;0.01233569898794776
ISS (Construção Civil) - DTCO (Declaração Tributária de Conclusão de Obra) - Retificar DTCO já analisada ou certificado já emitido;93;0.012204468147650444
Arquivo Histórico Municipal - Fazer agendamento para pesquisa presencial ao Acervo Permanente;93;0.012204468147650444
Procon Cidade de São Paulo - Reclamar de lesão a direito individual do consumidor;92;0.012073237307353126
Denunciar terreno com muro danificado/inexistente;90;0.011810775626758493
Ônibus - Solicitar criação de partida em uma linha;89;0.011679544786461177
Incêndio;87;0.011417083105866543
Táxi - Reclamar de desobediência ao regulamento de ponto de táxi;87;0.011417083105866543
Olho Vivo - Reclamações;85;0.01115462142527191
Central SP156 - Fazer elogio;85;0.01115462142527191
Ponto de ônibus ? Solicitar reinstalação e/ou substituição de modelo antigo (madeira ou tubo) por modelo novo (totem metálico);82;0.010760928904379961
Solicitar que acesso ao processo da OGM seja público;81;0.010629698064082644
IPTU ? Inclusão ou Exclusão de Imóveis Administrados;81;0.010629698064082644
Reclamação de filas e tumulto em terminais de ônibus;80;0.010498467223785326
Solicitar plantio de árvores em passeio público ou calçada;80;0.010498467223785326
Denunciar assédio sexual;80;0.010498467223785326
Denunciar desvio de verbas, materiais e bens públicos;79;0.01036723638348801
Furto ou tentativa de furto;78;0.010236005543190693
Solicitar anuência de eventos/instalação temporária em bens tombados e áreas envoltórias;76;0.00997354386259606
Ecoponto - Fazer reclamação;75;0.009842313022298745
Motofrete - Renovar Condumoto;73;0.00957985134170411
Microdrenagem;72;0.009448620501406794
Denunciar má conduta de profissionais da educação;72;0.009448620501406794
Dívida Ativa de IPTU - Comunicar dívida de imóvel adquirido em leilão;72;0.009448620501406794
Imunidades, isenções e demais benefícios fiscais - Desbloquear Declaração de Imunidades/Isenção (SDI ou GBF);72;0.009448620501406794
Fazer reclamação de falta de lavagem de calçadões;70;0.009186158820812161
Táxi - Denunciar desobediência ao regulamento de Ponto de Taxi;70;0.009186158820812161
Transporte Escolar Gratuito - Denúncia de conduta ou postura do condutor;69;0.009054927980514844
Ciclovias, ciclofaixas e ciclorrotas - Sugerir implantação;68;0.008923697140217528
Licença de Funcionamento Sanitária (CMVS) - Solicitar Licença de Funcionamento Inicial;67;0.008792466299920212
Denunciar material de construção depositado em vias públicas;66;0.008661235459622895
Multas de trânsito - Fale com a Fazenda;65;0.00853000461932558
[Solicitado pela Defesa Civil - uso interno] Apoio a órgãos públicos;65;0.00853000461932558
Bilhete Único Estudante e Professor - Solicitar extrato de recarga;65;0.00853000461932558
LTA - Solicitar Abertura de Processo de Laudo Técnico de Avaliação;64;0.008398773779028262
Calçadão (rua de pedestre) - Acessar área para (des)embarque, uso de garagem e cobertura jornalística;63;0.008267542938730946
Ônibus - Reparar catraca eletrônica, validador ou terminal de recarga com falha;63;0.008267542938730946
Zona Azul Digital ? Solicitar reembolso, estorno ou transferência de crédito;63;0.008267542938730946
ITBI - Solicitar análise sobre o valor pago do Imposto;62;0.008136312098433629
Descomplica SP Jabaquara - Elogio;62;0.008136312098433629
ATENDE+ - Reclamar de conduta de motorista;62;0.008136312098433629
Vale Transporte - Solicitar reembolso;61;0.008005081258136313
Rompimento de galeria de águas pluviais;61;0.008005081258136313
Solicitar certidão de demolição de imóveis;61;0.008005081258136313
ATENDE+ - Reclamar da demora para encaixe na programação do serviço;61;0.008005081258136313
Sugerir criação e ampliação de vagas para Idoso/Defis em vias públicas;60;0.007873850417838996
Denunciar janela ou abertura a menos de 1,50m do vizinho;59;0.0077426195775416795
Descomplica SP São Mateus - Elogio;59;0.0077426195775416795
Descomplica SP São Miguel Paulista - Elogio;58;0.007611388737244363
ISS (Construção Civil) - DTCO (Declaração Tributária de Conclusão de Obra) com dedução - Complementar documentação/informações da DTCO;58;0.007611388737244363
Denúncia de irregularidade em locais com lotação superior a 250 pessoas;58;0.007611388737244363
Denunciar má conduta de empregados da CET;57;0.0074801578969470464
Solicitar cópia de planta expropriatória (desapropriação);56;0.007348927056649729
Publicidade - solicitar fiscalização de publicidade irregular;56;0.007348927056649729
Descomplica SP Santana/Tucuruvi - Elogio;55;0.0072176962163524126
Denunciar loteamento irregular ou clandestino;55;0.0072176962163524126
Denunciar violência e maus tratos de pessoa idosa;54;0.007086465376055096
Denunciar racismo;53;0.0069552345357577795
Descomplica SP Penha - Elogio;53;0.0069552345357577795
Solicitar Inscrição ou Atualização de Programas no Conselho Municipal dos Direitos da Criança e do Adolescente de São Paulo (CMDCA/SP);53;0.0069552345357577795
Denunciar negligência e abandono de pessoa idosa;52;0.006824003695460463
Precatórios ? Tirar dúvidas sobre serviços relacionados;52;0.006824003695460463
Ciclofaixas de lazer - Solicitar avaliação;52;0.006824003695460463
Nota do Milhão - Solicitar correção do regime de tributação;51;0.0066927728551631465
Descomplica SP Cidade Tiradentes - Elogio;51;0.0066927728551631465
Descomplica SP Butantã - Elogio;50;0.00656154201486583
Denúncia de ocupação irregular de área verde localizada em área privada dentro do município;49;0.0064303111745685135
Loja Virtual ? Associar cartão de Bilhete Único a cadastro de funcionário(a);49;0.0064303111745685135
Processo administrativo - Complementar documento para processo físico SIMPROC ou pedidos de isenção de IPTU por enchente ou aposentadoria;49;0.0064303111745685135
Denunciar irregularidades em creches conveniadas;49;0.0064303111745685135
Desentendimento;48;0.006299080334271196
Calçadão (rua de pedestre) ? 2ª via do cartão de acesso para (des)embarque, uso de garagem e cobertura jornalística;47;0.00616784949397388
Animais silvestres feridos ? Solicitar atendimento veterinário;47;0.00616784949397388
ATENDE+ - Solicitar manutenção de veículo;47;0.00616784949397388
Entregar mudas de árvores para cumprimento do Termo de Compromisso Ambiental - TCA;46;0.006036618653676563
Imunidades, isenções e demais benefícios fiscais ? Solicitar ajuda no acesso ao GBF (Gestão de Benefícios Fiscais);46;0.006036618653676563
Dano ao patrimônio;46;0.006036618653676563
Terminal - Reclamar dos serviços prestados;46;0.006036618653676563
ATENDE+ - Reclamar de atendente ou funcionário;44;0.00577415697308193
WiFi Livre SP - Reclamar sobre problemas na conexão;42;0.005511695292487297
Coleta seletiva - Solicitar manutenção de contêiner;41;0.0053804644521899805
Ausência de coleta do contêiner para coleta seletiva;40;0.005249233611892663
Reparo e manutenção de relógios de rua;40;0.005249233611892663
Bilhete Único - Solicitar instalação de pontos de venda e recarga;40;0.005249233611892663
Veículo guinchado - Solicitar liberação;39;0.005118002771595347
Transporte Escolar Gratuito - Reclamar sobre transporte;39;0.005118002771595347
Leve Leite - Denúncia de venda ou desvio de leite;38;0.00498677193129803
Procon Cidade de São Paulo - Denunciar conduta do fornecedor que afete público geral;38;0.00498677193129803
Remoção do contêiner de coleta seletiva;38;0.00498677193129803
Motofrete - Trocar veículo da licença;38;0.00498677193129803
Ato obsceno;38;0.00498677193129803
Rodízio de veículos -  Cancelar isenção para PCD;38;0.00498677193129803
Denunciar negligência e abandono de criança ou adolescente;37;0.004855541091000714
Licença de Funcionamento Sanitária (CMVS) - Solicitar Renovação;37;0.004855541091000714
Descomplica SP Vila Maria/Vila Guilherme - Elogio;37;0.004855541091000714
Denúncia de colocação de lixo reciclável fora do horário de coleta;37;0.004855541091000714
Táxi - Denunciar cobrança indevida durante viagem;36;0.004724310250703397
Descomplica SP Jabaquara - Reclamação;36;0.004724310250703397
Adotar cães e gatos;35;0.0045930794104060806
Faixas e corredores de ônibus - Solicitar avaliação de problemas;35;0.0045930794104060806
Rodízio de veículos - Isenção para PCD (pessoa jurídica);34;0.004461848570108764
ISS (Construção Civil) - DTCO (Declaração Tributária de Conclusão de Obra) - Solicitar atendimento para outras situações do DTCO;34;0.004461848570108764
Solicitar intervenção em bem tombado ou em processo de tombamento;33;0.0043306177298114475
Denunciar violência e maus tratos de criança ou adolescente;32;0.004199386889514131
Solicitar intervenção em área envoltória ou em bairro ambiental;32;0.004199386889514131
Guia rebaixada - solicitar fiscalização de rebaixamento irregular;32;0.004199386889514131
ATENDE+ - Registrar elogio;31;0.0040681560492168145
Denunciar estabelecimento gerador de resíduos de saúde não cadastrado;30;0.003936925208919498
Agressão;30;0.003936925208919498
CIPTEA ? Alterar dados e/ou Renovar validade;29;0.0038056943686221815
Descomplica SP Capela do Socorro - Elogio;28;0.0036744635283248645
Ocorrência com pessoa desprotegida;28;0.0036744635283248645
Tirar dúvidas sobre patrimônio cultural da cidade de São Paulo;28;0.0036744635283248645
Loja Virtual ? Transferir créditos de Vale Transporte;28;0.0036744635283248645
Motofrete - Denúncia de irregularidades;27;0.003543232688027548
Motofrete - Fazer cadastro do Condumoto;27;0.003543232688027548
CCM ? Excluir o Código de Anúncio (TFA);26;0.0034120018477302315
Descomplica SP Ipiranga - Reclamação;26;0.0034120018477302315
Destelhamento;26;0.0034120018477302315
IPTU ? Solicitar desvinculação com a Administradora;26;0.0034120018477302315
Credenciamento de eleitor(as) do Processo de Escolha dos representantes da sociedade civil do CMDCA/SP;26;0.0034120018477302315
Descomplica SP Penha - Reclamação;25;0.003280771007432915
Construção de soluções com os usuários - Fazer Inscrição;25;0.003280771007432915
Descomplica SP Capela do Socorro - Reclamação;25;0.003280771007432915
Ciclovias, ciclofaixas e ciclorrotas - Solicitar avaliação da infraestrutura;25;0.003280771007432915
Denúncia de condições inadequadas de equipamentos de transportes (elevadores, escadas rolantes, plataforma de elevação vertical);25;0.003280771007432915
ISS (Construção Civil) - DTCO (Declaração Tributária de Conclusão de Obra) - Solicitar o cancelamento da DTCO;25;0.003280771007432915
Zona Azul Digital - Fazer elogio ou reclamação à equipe;25;0.003280771007432915
Acessibilidade - Solicitar fiscalização em edificações;25;0.003280771007432915
Solicitar mediação de conflitos ? Guarda Civil Metropolitana;24;0.003149540167135598
Faixas e corredores de ônibus - Solicitar implantação;24;0.003149540167135598
Reclamação de falta de limpeza de terminais de ônibus;24;0.003149540167135598
Ameaça;24;0.003149540167135598
WiFi Livre SP - Sugerir local para instalação;23;0.0030183093268382815
COHAB - Solicitar cópia de planta do imóvel;23;0.0030183093268382815
Bilhete Único - Denúncia de uso irregular;22;0.002887078486540965
Nivelamento de vias de terra;22;0.002887078486540965
Descomplica SP Butantã - Reclamação;22;0.002887078486540965
Parques ? Denunciar uso inadequado;21;0.0027558476462436485
Certidão de dados operacionais ? Solicitar dados de ocorrências de trânsito;21;0.0027558476462436485
Biblioteca Mário de Andrade ? Indicar obras para o acervo;21;0.0027558476462436485
Ônibus - Elogiar ou sugerir melhorias ao Sistema Olho Vivo;20;0.0026246168059463316
Central SP156 - Fazer sugestão;20;0.0026246168059463316
Programa Agentes de Governo Aberto - Informações sobre a prestação de contas para pagamento da bolsa;20;0.0026246168059463316
ITBI - Solicitar reconhecimento de não incidência na partilha de imóveis;20;0.0026246168059463316
Bilhete Único - Alterar nome civil para nome social;20;0.0026246168059463316
Motofrete - Cadastrar Licença (Pessoa Física e Pessoa Jurídica);20;0.0026246168059463316
Nota do Milhão - Solicitar liberação de CNPJ bloqueado;20;0.0026246168059463316
Eventos na via - Solicitar autorização;20;0.0026246168059463316
Ônibus - Denunciar motorista por atraso na partida;20;0.0026246168059463316
ATENDE+  - Reclamar de outros usuários e/ou acompanhantes;19;0.002493385965649015
Vazamento de gás;19;0.002493385965649015
Extorsão;19;0.002493385965649015
Alarme disparado;19;0.002493385965649015
Denúncia de represamento ou aterramento de rio ou córrego;19;0.002493385965649015
ITBI - Emitir guias de recolhimento (pagamento) do imposto para eventos passados (entre os anos de 1989 e 1994);19;0.002493385965649015
Dívida Ativa - Apresentar documentos solicitados pela Procuradoria Geral do Município (PGM);18;0.0023621551253516985
Imunidades, Isenções e demais benefícios fiscais ? Programa de Incentivos Fiscais da Zona Leste - Fale com a Fazenda;18;0.0023621551253516985
Parques ? Reclamar de má conduta de funcionários (as);18;0.0023621551253516985
Multa ambiental ? Solicitar Termo de Ajustamento de Conduta (TAC);18;0.0023621551253516985
Descomplica SP São Mateus - Reclamação;18;0.0023621551253516985
Animais silvestres ? Agendar entrega voluntária;18;0.0023621551253516985
Solicitar fiscalização de estacionamentos particulares;18;0.0023621551253516985
COVISA - Novo fluxo de encerramento automático - Com dados da NBL;18;0.0023621551253516985
Descomplica SP Santana/Tucuruvi - Reclamação;17;0.002230924285054382
Solicitar documento oficial sobre incidência de legislação municipal de preservação do patrimônio cultural na cidade de São Paulo;17;0.002230924285054382
Biblioteca Mário de Andrade ? Fazer uma reclamação;17;0.002230924285054382
Licença de Funcionamento Sanitária (CMVS) - Solicitar exclusão de Responsável Técnico;17;0.002230924285054382
Certidão de sinalização viária ? Solicitar informações sobre sinalização de trânsito;17;0.002230924285054382
Roubo ou tentativa de roubo;16;0.0020996934447570655
Descomplica SP Campo Limpo - Reclamação;16;0.0020996934447570655
Táxi - Solicitar termo de encerramento do Condutax;16;0.0020996934447570655
Licença de Funcionamento Sanitária (CMVS) - Solicitar inclusão de Responsável Técnico;16;0.0020996934447570655
Viveiro Manequinho Lopes - Solicitar mudas de árvores;15;0.001968462604459749
Certidão de postagem - Solicitar informações do sistema de multas de trânsito;15;0.001968462604459749
Atendimento especializado para defesa de direitos;15;0.001968462604459749
Loja Virtual ? Alterar e-mail no cadastro;15;0.001968462604459749
Motofrete - Dar baixa na licença (cancelar licença de motofrete);15;0.001968462604459749
Ônibus - Denunciar importunação sexual por passageiro ou operador (motorista, cobrador ou fiscal);15;0.001968462604459749
#TodosPeloCentro ? Incentivos fiscais do Programa Requalifica Centro;15;0.001968462604459749
Denunciar Sonegação Fiscal ? Denúncia realizada por Pessoa Jurídica;14;0.0018372317641624323
Táxi - Denunciar veículo clandestino ou problemas no transporte;14;0.0018372317641624323
CCM - Transferir MEI para o município de São Paulo;14;0.0018372317641624323
Denunciar violações de direitos da  população em situação de rua nas ações de Zeladoria Urbana;14;0.0018372317641624323
Reclamação de sinalização inadequada de terminais de ônibus;14;0.0018372317641624323
Descomplica SP São Miguel Paulista - Reclamação;14;0.0018372317641624323
Programa Renda Mínima - Reclamação de problemas com o benefício;14;0.0018372317641624323
ITBI - Solicitar avaliação especial;13;0.0017060009238651158
Notificação de receita de controle especial - Cancelar talonário, numeração ou requisição;13;0.0017060009238651158
Alimentação escolar - Reclamar sobre alimentação nas unidades;13;0.0017060009238651158
Reclamações sobre serviços prestados aos feirantes;13;0.0017060009238651158
Praças - solicitar manutenção de equipamentos de ginástica;12;0.001574770083567799
Denunciar exploração sexual;12;0.001574770083567799
Ônibus fretado - Denúncia ou reclamação de irregularidades ou problemas no transporte;12;0.001574770083567799
Carga Frete - Solicitar renovação de Condutax;12;0.001574770083567799
COHAB ? Atualizar dados do cadastro;12;0.001574770083567799
IPTU ? Solicitar Inclusão, Alteração ou Cancelamento do Cadastro de Administradora de Imóveis;12;0.001574770083567799
ISS - Solicitar Imunidades e Isenções;11;0.0014435392432704825
Licença de Funcionamento Sanitária (CMVS) - Solicitar Alteração de Responsável Legal;11;0.0014435392432704825
Obra de arte (danificada);11;0.0014435392432704825
Carga Frete - Fazer cadastro de Condutax;11;0.0014435392432704825
SOS ALERTA EM ESCOLA;11;0.0014435392432704825
Ônibus ? Elogiar empresa operadora;10;0.0013123084029731658
Precatórios ? Solicitar recurso;10;0.0013123084029731658
Nota do Milhão - Primeiro acesso - Solicitar orientações para configurar como MEI;10;0.0013123084029731658
Denunciar irregularidades relacionadas aos bens tombados ou em área envoltória;10;0.0013123084029731658
Solicitar fiscalização de ausência de vagas reservadas em estabelecimento comercial;9;0.0011810775626758493
Denunciar panfletagem irregular;9;0.0011810775626758493
Denunciar abuso financeiro e econômico de pessoa idosa;8;0.0010498467223785328
ATENDE+ - Comunicar colisão de veículo do Atende+;8;0.0010498467223785328
Táxi - Solicitar 2° via do Condutax;8;0.0010498467223785328
Corrupção de menor;8;0.0010498467223785328
ISS (Construção Civil) - DTCO (Declaração Tributária de Conclusão de Obra) sem dedução - Complementar documentação/informações da DTCO;8;0.0010498467223785328
Denúncia de retirada e uso de água subterrânea sem autorização;8;0.0010498467223785328
Ônibus - Denunciar abuso sexual praticado por passageiro ou funcionário;8;0.0010498467223785328
Pichação;8;0.0010498467223785328
Funcionários da CET - Fazer elogio;8;0.0010498467223785328
Solicitar certidão de tombamento para registro em cartório;8;0.0010498467223785328
Rompimento de adutora;7;0.0009186158820812161
ISS (Construção Civil) - ISS (Imposto Sobre Serviços) - Solicitar 2ª via do Certificado de Quitação ISS;7;0.0009186158820812161
Suicídio ou Tentativa de Suicídio;7;0.0009186158820812161
DOC-DIMP (Meios de Pagamentos) - Fale com a Fazenda;7;0.0009186158820812161
Guarda Civil Metropolitana (GCM) - Fazer sugestão;7;0.0009186158820812161
Ônibus fretado - Denúncia de conduta ou postura do condutor;7;0.0009186158820812161
Telecentro - Reclamação;7;0.0009186158820812161
Veículo abandonado em próprio municipal;7;0.0009186158820812161
Calçadão (rua de pedestre) ? Acessar área para (des)embarque, uso de garagem e cobertura jornalística - Substituir veículo;6;0.0007873850417838995
testando  no APP - desconsiderar;6;0.0007873850417838995
Ônibus - Denúnciar veículo clandestino ou não credenciado;6;0.0007873850417838995
Carga Frete - Denunciar irregularidades;6;0.0007873850417838995
Descomplica SP Campo Limpo - Elogio;6;0.0007873850417838995
Manutenção de caminhão de lixo;6;0.0007873850417838995
Carga Frete - Solicitar renovação de alvará;6;0.0007873850417838995
Licença de Funcionamento Sanitária (CMVS) - Solicitar Ampliação ou Redução de Atividades, Classe ou Categoria de Produtos;6;0.0007873850417838995
Manutenção de semáforos;6;0.0007873850417838995
Licença de Funcionamento Sanitária (CMVS) - Solicitar Alteração de Endereço;5;0.0006561542014865829
Bilhete Único  - Denunciar ponto clandestino de venda de crédito;5;0.0006561542014865829
Pedido de esclarecimento sobre áreas contaminadas no município de São Paulo;5;0.0006561542014865829
Biblioteca Mário de Andrade ? Fazer uma sugestão;5;0.0006561542014865829
Táxi/Aplicativos - Achados e perdidos;5;0.0006561542014865829
Licença de Funcionamento Sanitária (CMVS) - Solicitar a Inclusão ou Exclusão de Veículos;5;0.0006561542014865829
Transporte Escolar Gratuito - Reclamação da conservação e manutenção do veículo;5;0.0006561542014865829
Vale Transporte - Suporte em relação a boleto;5;0.0006561542014865829
Guarda Civil Metropolitana (GCM) ? Fazer crítica ou reclamação;5;0.0006561542014865829
Estações de bicicletas compartilhadas - Sugerir instalação de nova estação;5;0.0006561542014865829
Tumulto;5;0.0006561542014865829
Programa Operação Trabalho - Reclamação;5;0.0006561542014865829
Limpeza Urbana - Fazer elogio aos funcionários;5;0.0006561542014865829
Procon Cidade de São Paulo - Solicitar vistas de processo;4;0.0005249233611892664
Ônibus - Plano emergencial (PAESE);4;0.0005249233611892664
Ônibus fretado - Reclamação da conservação e manutenção do veículo;4;0.0005249233611892664
Homicídio e tentativa de homicídio;4;0.0005249233611892664
Estupro ou tentativa de estupro;4;0.0005249233611892664
Descomplica SP Jabaquara - Sugestão;4;0.0005249233611892664
Produtos perigosos;4;0.0005249233611892664
Transferência de Junta do Serviço Militar;4;0.0005249233611892664
Biblioteca Mário de Andrade ? Fazer um elogio;4;0.0005249233611892664
Recorrer contra remoção de veículo (guinchamento);4;0.0005249233611892664
Explosão;4;0.0005249233611892664
Carga Frete - Solicitar cadastro de licença;4;0.0005249233611892664
Carga Frete - Dar baixa na licença;4;0.0005249233611892664
Coleta seletiva - Denunciar roubo de contêiner;4;0.0005249233611892664
Procon Cidade de São Paulo - Solicitar cadastro no Sistema Nacional de Informações de Defesa do Consumidor;4;0.0005249233611892664
Vistas de processos Grupo Técnico de Áreas Contaminadas (GTAC);4;0.0005249233611892664
Mercados/Sacolões/Centrais de Abastecimento - Fazer sugestão, elogio ou reclamação;4;0.0005249233611892664
Solicitar mudas de árvores no Viveiro Manequinho Lopes;4;0.0005249233611892664
CMDCA - Credenciamento de eleitor(as) do Processo de Escolha dos representantes da sociedade civil;4;0.0005249233611892664
Unidade habitacional - Fale com a Secretaria Municipal de Habitação;3;0.00039369252089194976
Ocorrência em cemitério;3;0.00039369252089194976
Manutenção de contêiner de resíduos do serviço de saúde;3;0.00039369252089194976
COVISA_VISTORIA_DE_COLMEIA_V4;3;0.00039369252089194976
Soltura de balões ou fogos;3;0.00039369252089194976
Motofrete - Denúncia de conduta ou postura do condutor;3;0.00039369252089194976
Carga Frete - Solicitar troca de veículo em Licença;3;0.00039369252089194976
COHAB - Solicitar quitação do financiamento com recursos próprios;3;0.00039369252089194976
Descomplica SP Penha - Sugestão;3;0.00039369252089194976
Declaração de atendimento aos requisitos para instalação de ERB em área envoltória ou bairro tombado;3;0.00039369252089194976
Credenciamento de organizações para recebimento de insumos complementares;3;0.00039369252089194976
Cadastro Municipal de Comércio de Animais (CMCA) ? Cancelar cadastro;3;0.00039369252089194976
Denunciar violência e discriminação contra pessoa em situação de rua;3;0.00039369252089194976
Biblioteca Mário de Andrade - Agendar visita monitorada;3;0.00039369252089194976
Família Acolhedora - Manifestar interesse em se tornar uma Família Acolhedora;3;0.00039369252089194976
Solicitar fiscalização de valet;3;0.00039369252089194976
OGM_Solicitacao_V3;3;0.00039369252089194976
Guarda Civil Metropolitana (GCM) - Denunciar atuação de servidor;2;0.0002624616805946332
Solicitar apoio para busca de pessoa desaparecida;2;0.0002624616805946332
Denunciar atendimento irregular dos conselhos tutelares;2;0.0002624616805946332
Descomplica SP Butantã - Sugestão;2;0.0002624616805946332
Denunciar LGBTFOBIA;2;0.0002624616805946332
Certificado de Dispensa do Serviço Alternativo (CDSA) - 2ª via;2;0.0002624616805946332
Solicitar tombamento de bens culturais materiais;2;0.0002624616805946332
Licença de Funcionamento Sanitária (CMVS) - Solicitar Cancelamento;2;0.0002624616805946332
Licença de Funcionamento Sanitária (CMVS) - Solicitar Retificação;2;0.0002624616805946332
Descomplica SP São Miguel Paulista - Sugestão;2;0.0002624616805946332
Alimentação escolar - Sugerir cardápio;2;0.0002624616805946332
Denunciar intolerância religiosa;2;0.0002624616805946332
Arma de fogo;2;0.0002624616805946332
Denunciar irregularidade na venda de Cartão Azul Digital ? CAD por postos credenciados;2;0.0002624616805946332
Descomplica SP Vila Maria/Vila Guilherme - Sugestão;2;0.0002624616805946332
Cadastro para acessar o Acervo Permanente do Arquivo Histórico Municipal;2;0.0002624616805946332
Descomplica SP Vila Maria/Vila Guilherme - Reclamação;2;0.0002624616805946332
Piscinão;2;0.0002624616805946332
Motofrete - Segunda via de Condumoto;2;0.0002624616805946332
Encontro de cadáver;2;0.0002624616805946332
Denúncia de distribuição de sacolas plásticas irregulares;2;0.0002624616805946332
MEI - Fazer uma reclamação;2;0.0002624616805946332
Táxi - Achados e perdidos;2;0.0002624616805946332
Limpeza de valas, valetas e sarjetões;2;0.0002624616805946332
Guarda Civil Metropolitana (GCM) - Fazer elogio;2;0.0002624616805946332
SEME_Bolsa_Atleta_NOVOv1;2;0.0002624616805946332
Credenciamento de eleitor(as) do Processo de Escolha dos representantes da sociedade civil do CMDCA/SP, gestão 2024-2026;2;0.0002624616805946332
DTP_CargaFrete_Cadastro_Condutax_V2;2;0.0002624616805946332
Acessibilidade - Solicitar Selo de Acessibilidade Arquitetônica;1;0.0001312308402973166
Descomplica São Miguel - Elogio;1;0.0001312308402973166
Soterramento;1;0.0001312308402973166
Descomplica SP São Miguel - Reclamação;1;0.0001312308402973166
Acessibilidade - Denunciar falta de móveis adequados;1;0.0001312308402973166
Reabilitação do Serviço Militar;1;0.0001312308402973166
Ouvidoria E-mail;1;0.0001312308402973166
Denunciar trabalho escravo;1;0.0001312308402973166
Estações de bicicletas compartilhadas - solicitar mudança de local;1;0.0001312308402973166
Solicitar manutenção de caminhão de lixo;1;0.0001312308402973166
Solicitar registro de bens culturais imateriais;1;0.0001312308402973166
Descomplica SP São Miguel - Sugestão;1;0.0001312308402973166
Calçadão (rua de pedestre) - Acessar área com veículo para evento ou obra;1;0.0001312308402973166
Taxi / Aplicativos - Elogio ao condutor;1;0.0001312308402973166
Denunciar apologia e incitação a crimes contra a vida;1;0.0001312308402973166
Programa Renda Mínima - Reclamação de mau atendimento nos postos de atendimento;1;0.0001312308402973166
Descomplica SP Capela do Socorro - Sugestão;1;0.0001312308402973166
Descomplica SP Campo Limpo - Sugestão;1;0.0001312308402973166
Ocorrência médica com pessoa;1;0.0001312308402973166
Rapto/Sequestro de Menor;1;0.0001312308402973166
Denunciar tráfico de pessoas;1;0.0001312308402973166
Enviar documentos e/ou alterações do Termo de Ajustamento de Conduta (TAC);1;0.0001312308402973166
Solicitar intervenção em bem arqueológico;1;0.0001312308402973166
Preconceito (Racismo);1;0.0001312308402973166
COVISA - Novo fluxo de encerramento automático - Sem dados da NBL;1;0.0001312308402973166
Pintura antipichação;1;0.0001312308402973166
Descomplica SP Sé - Sugestão;1;0.0001312308402973166
Carga Frete - Fazer Cadastro de Condutax;1;0.0001312308402973166
Pedido de número de certificado de aprovação em inspeção veicular.;1;0.0001312308402973166
Nota do Milhão - Alterar nome social (pessoas travestis e pessoas transgêneros);1;0.0001312308402973166
Programa Mãos e Mentes Paulistanas - Solicitar credenciamento;1;0.0001312308402973166
Carga Frete - Solicitar 2° via do Alvará;1;0.0001312308402973166
Realizar denúncia ou reclamação sobre filmagens em espaços públicos municipais;1;0.0001312308402973166
Desacato a agente público;1;0.0001312308402973166
Motofrete - Denunciar a postura ou conduta do condutor;1;0.0001312308402973166
Inscrição de pré-candidato(a) para o Processo de Escolha dos representantes da sociedade civil do CMDCA/SP;1;0.0001312308402973166
Acessibilidade - Denunciar falta de cadeira de rodas em supermercado;1;0.0001312308402973166
Denunciar violência e discriminação contra pessoa usuária de drogas;1;0.0001312308402973166
Programa Renda Mínima -  Denúncia de cadastramento/recebimento de benefício indevido;1;0.0001312308402973166
Descomplica SP Freguesia do Ó/Brasilândia - Sugestão;1;0.0001312308402973166
MotoFrete_Renovar_Condumoto_V2;1;0.0001312308402973166
Cópia de Solicitar mediação de conflitos ? Guarda Civil Metropolitana;1;0.0001312308402973166
